{
    "Key-value": {
        "age_statistics": {
            "count": 75,
            "mean_age": 7.586767054528861,
            "median_age": 7.846680355920602,
            "min_age": 0.09856262833675565,
            "max_age": 14.77618069815195
        },
        "external_ref_statistics": {
            "mean_external_ref": 0.6214439552667305,
            "median_external_ref": 0.625,
            "std_external_ref": 0.21862139662448438,
            "min_external_ref": 0.13424657534246576,
            "max_external_ref": 1.0
        },
        "correlation_analysis": {
            "pearson_correlation": 0.09430881347229171,
            "p_value": 0.42092562243078485,
            "regression_slope": 0.005160128104679039,
            "regression_intercept": 0.5822952653650031,
            "r_squared": 0.008894152298551497,
            "significant": false
        },
        "sample_size": 75,
        "unique_repo_count": 75,
        "duplication_rate": 1.0
    },
    "Relational": {
        "age_statistics": {
            "count": 99,
            "mean_age": 5.38651401074399,
            "median_age": 5.30321697467488,
            "min_age": 0.3394934976043806,
            "max_age": 14.609171800136892
        },
        "external_ref_statistics": {
            "mean_external_ref": 0.5881093319641202,
            "median_external_ref": 0.6016949152542372,
            "std_external_ref": 0.24054012075842654,
            "min_external_ref": 0.12395709177592373,
            "max_external_ref": 1.0
        },
        "correlation_analysis": {
            "pearson_correlation": 0.15512019856138404,
            "p_value": 0.1252461483819154,
            "regression_slope": 0.01085643628335381,
            "regression_intercept": 0.5296309858170855,
            "r_squared": 0.024062276001723174,
            "significant": false
        },
        "sample_size": 99,
        "unique_repo_count": 99,
        "duplication_rate": 1.0
    },
    "Document": {
        "age_statistics": {
            "count": 79,
            "mean_age": 6.582486419047125,
            "median_age": 6.0424366872005475,
            "min_age": 0.10403832991101986,
            "max_age": 14.954140999315538
        },
        "external_ref_statistics": {
            "mean_external_ref": 0.5535037204100536,
            "median_external_ref": 0.5576678573590845,
            "std_external_ref": 0.2537331430342962,
            "min_external_ref": 0.0,
            "max_external_ref": 1.0
        },
        "correlation_analysis": {
            "pearson_correlation": -0.06311333504539385,
            "p_value": 0.5805554017774593,
            "regression_slope": -0.0035249347793479668,
            "regression_intercept": 0.5767065557231384,
            "r_squared": 0.003983293060552143,
            "significant": false
        },
        "sample_size": 79,
        "unique_repo_count": 79,
        "duplication_rate": 1.0
    },
    "Search Engine": {
        "age_statistics": {
            "count": 9,
            "mean_age": 7.375770020533881,
            "median_age": 6.945927446954141,
            "min_age": 1.4127310061601643,
            "max_age": 13.88911704312115
        },
        "external_ref_statistics": {
            "mean_external_ref": 0.5497987093567634,
            "median_external_ref": 0.6403464470025485,
            "std_external_ref": 0.217166150338871,
            "min_external_ref": 0.15405405405405403,
            "max_external_ref": 0.7792710706150342
        },
        "correlation_analysis": {
            "pearson_correlation": -0.3566158177247332,
            "p_value": 0.34616247830261143,
            "regression_slope": -0.018528397605516694,
            "regression_intercept": 0.6864599089440653,
            "r_squared": 0.12717484145148011,
            "significant": false
        },
        "sample_size": 9,
        "unique_repo_count": 9,
        "duplication_rate": 1.0
    },
    "Vector": {
        "age_statistics": {
            "count": 14,
            "mean_age": 2.5911802092500245,
            "median_age": 1.5742642026009581,
            "min_age": 0.09856262833675565,
            "max_age": 7.750855578370979
        },
        "external_ref_statistics": {
            "mean_external_ref": 0.5171478422545795,
            "median_external_ref": 0.5478378047286537,
            "std_external_ref": 0.26508450401375994,
            "min_external_ref": 0.02197802197802201,
            "max_external_ref": 0.8735998691848582
        },
        "correlation_analysis": {
            "pearson_correlation": 0.6760980820109064,
            "p_value": 0.007940948605085124,
            "regression_slope": 0.07926545647089163,
            "regression_intercept": 0.31175676017003584,
            "r_squared": 0.4571086164988261,
            "significant": true
        },
        "sample_size": 14,
        "unique_repo_count": 14,
        "duplication_rate": 1.0
    },
    "Object Oriented": {
        "age_statistics": {
            "count": 19,
            "mean_age": 7.513238949529882,
            "median_age": 7.860369609856263,
            "min_age": 0.5010266940451745,
            "max_age": 14.609171800136892
        },
        "external_ref_statistics": {
            "mean_external_ref": 0.5012420403031608,
            "median_external_ref": 0.5059094625734037,
            "std_external_ref": 0.2929837248966809,
            "min_external_ref": 0.0,
            "max_external_ref": 0.9692952639927487
        },
        "correlation_analysis": {
            "pearson_correlation": 0.11778176734778957,
            "p_value": 0.6310694855796246,
            "regression_slope": 0.007263837320058516,
            "regression_intercept": 0.44666709482704836,
            "r_squared": 0.013872544719568827,
            "significant": false
        },
        "sample_size": 19,
        "unique_repo_count": 19,
        "duplication_rate": 1.0
    },
    "Wide column": {
        "age_statistics": {
            "count": 11,
            "mean_age": 8.671769024951777,
            "median_age": 10.258726899383984,
            "min_age": 1.7713894592744694,
            "max_age": 14.609171800136892
        },
        "external_ref_statistics": {
            "mean_external_ref": 0.5449056948715104,
            "median_external_ref": 0.5742309407044137,
            "std_external_ref": 0.19576433516057762,
            "min_external_ref": 0.23612622415669204,
            "max_external_ref": 0.8795977771897328
        },
        "correlation_analysis": {
            "pearson_correlation": 0.2798678968133277,
            "p_value": 0.4045508492574396,
            "regression_slope": 0.012971341021726469,
            "regression_intercept": 0.4324212215872165,
            "r_squared": 0.07832603966671543,
            "significant": false
        },
        "sample_size": 11,
        "unique_repo_count": 11,
        "duplication_rate": 1.0
    },
    "Time Series": {
        "age_statistics": {
            "count": 21,
            "mean_age": 6.937322773051726,
            "median_age": 7.542778918548939,
            "min_age": 1.5085557837097878,
            "max_age": 13.34154688569473
        },
        "external_ref_statistics": {
            "mean_external_ref": 0.5572471329863331,
            "median_external_ref": 0.5898305084745763,
            "std_external_ref": 0.21385257565102825,
            "min_external_ref": 0.11173184357541899,
            "max_external_ref": 0.8581739610150791
        },
        "correlation_analysis": {
            "pearson_correlation": 0.19992897830347328,
            "p_value": 0.3848965585822826,
            "regression_slope": 0.011063793641870576,
            "regression_intercept": 0.4804940253982395,
            "r_squared": 0.03997159636547068,
            "significant": false
        },
        "sample_size": 21,
        "unique_repo_count": 21,
        "duplication_rate": 1.0
    },
    "Graph": {
        "age_statistics": {
            "count": 26,