correlation_coefficient,p_value,regression_slope,regression_intercept,r_squared,standard_error,sample_size
0.08676305335214735,0.13981450649225402,0.005188647412943262,0.5523925887444268,0.007527827426987574,0.003504528374004627,291
