correlation_coefficient,p_value,regression_slope,regression_intercept,r_squared,standard_error,sample_size
0.08676305335214737,0.13981450649225402,0.00518864741294326,0.5523925887444266,0.007527827426987567,0.003504528374004627,291
