{
    "chi2_statistic": 922426.5651841658,
    "p_value": 0.0,
    "degrees_of_freedom": 289,
    "significant": true,
    "effect_size_cramers_v": 0.10310250517178896
}