{
    "chi2_statistic": 773813.5701483227,
    "p_value": 0.0,
    "degrees_of_freedom": 306,
    "significant": true,
    "effect_size_cramers_v": 0.11020198060740745
}