{
    "network_info": {
        "num_nodes": 6514,
        "num_edges": 9557,
        "is_connected": false,
        "used_largest_component_for_closeness": true,
        "centrality_based_on": "All nodes (except closeness centrality which may use LCC)"
    },
    "largest_component_info": {
        "lcc_num_nodes": 6376,
        "lcc_num_edges": 9472,
        "lcc_coverage_ratio": 0.9788148603008904,
        "lcc_is_connected": true
    },
    "centrality_statistics": {
        "degree_centrality": {
            "all_nodes": {
                "mean": 0.00045052899797815856,
                "median": 0.00015353907569476432,
                "std": 0.0021054863967228106,
                "max": 0.05512052817442039,
                "min": 0.0,
                "count": 6514
            }
        },
        "closeness_centrality": {
            "all_nodes": {
                "mean": 0.23893212774819592,
                "median": 0.24716008219284302,
                "std": 0.04294730728574163,
                "max": 0.36002710792342013,
                "min": 0.0,
                "count": 6514
            }
        },
        "betweenness_centrality": {
            "all_nodes": {
                "mean": 0.00044941326004200243,
                "median": 0.0,
                "std": 0.0037374992793048098,
                "max": 0.12609847083065523,
                "min": 0.0,
                "count": 6514
            }
        },
        "eigenvector_centrality": {
            "all_nodes": {
                "mean": 0.00567698818176821,
                "median": 0.0033865105381065876,
                "std": 0.011013897248094566,
                "max": 0.2517765629221029,
                "min": 1.3145067140551303e-47,
                "count": 6514
            }
        },
        "pagerank": {
            "all_nodes": {
                "mean": 0.00015351550506601167,
                "median": 3.6287281616892675e-05,
                "std": 0.0007676175236581359,
                "max": 0.02717244124158309,
                "min": 2.311479578077928e-05,
                "count": 6514
            }
        },
        "weighted_degree_centrality": {
            "all_nodes": {
                "mean": 0.00655489757359705,
                "median": 0.00030707815138952864,
                "std": 0.08998538967179086,
                "max": 6.69353600491325,
                "min": 0.0,
                "count": 6514
            }
        },
        "weighted_pagerank": {
            "all_nodes": {
                "mean": 0.00015351550506601167,
                "median": 3.6287281616892675e-05,
                "std": 0.0007676175236581359,
                "max": 0.02717244124158309,
                "min": 2.311479578077928e-05,
                "count": 6514
            }
        }
    },
    "top_key_nodes": {
        "nodes": [
            {
                "rank": 1,
                "node_id": "R_334274271",
                "composite_centrality": 0.8478004442373065,
                "in_lcc": true,
                "degree_centrality": 0.04713649623829265,
                "closeness_centrality": 0.3430001076078769,
                "betweenness_centrality": 0.053852384631647376,
                "eigenvector_centrality": 0.17616238315329497,
                "pagerank": 0.02717244124158309,
                "weighted_degree_centrality": 6.69353600491325,
                "weighted_pagerank": 0.02717244124158309,
                "repo_name": "opensearch-project/OpenSearch",
                "repo_id": "334274271",
                "degree": "311",
                "node_type": "Repo"
            },
            {
                "rank": 2,
                "node_id": "R_60246359",
                "composite_centrality": 0.7246361662421167,
                "in_lcc": true,
                "degree_centrality": 0.05512052817442039,
                "closeness_centrality": 0.36002710792342013,
                "betweenness_centrality": 0.12609847083065523,
                "eigenvector_centrality": 0.24182187886101134,
                "pagerank": 0.014779857261292694,
                "weighted_degree_centrality": 0.16674343620451404,
                "weighted_pagerank": 0.014779857261292694,
                "repo_name": "ClickHouse/ClickHouse",
                "repo_id": "60246359",
                "degree": "370",
                "node_type": "Repo"
            },
            {
                "rank": 3,
                "node_id": "R_453068084",
                "composite_centrality": 0.6453559161582225,
                "in_lcc": true,
                "degree_centrality": 0.04867188699524029,
                "closeness_centrality": 0.35089167767503304,
                "betweenness_centrality": 0.09302507747192804,
                "eigenvector_centrality": 0.2517765629221029,
                "pagerank": 0.011906565984367975,
                "weighted_degree_centrality": 0.3127590971902349,
                "weighted_pagerank": 0.011906565984367975,
                "repo_name": "risingwavelabs/risingwave",
                "repo_id": "453068084",
                "degree": "321",
                "node_type": "Repo"
            },
            {
                "rank": 4,
                "node_id": "R_17165658",
                "composite_centrality": 0.61896194392986,
                "in_lcc": true,
                "degree_centrality": 0.04759711346537694,
                "closeness_centrality": 0.3523462112419168,
                "betweenness_centrality": 0.06055229669616393,
                "eigenvector_centrality": 0.24372566200997278,
                "pagerank": 0.013476848639097852,
                "weighted_degree_centrality": 0.3430062951021035,
                "weighted_pagerank": 0.013476848639097852,
                "repo_name": "apache/spark",
                "repo_id": "17165658",
                "degree": "317",
                "node_type": "Repo"
            },
            {
                "rank": 5,
                "node_id": "R_16563587",
                "composite_centrality": 0.5989798451575743,
                "in_lcc": true,
                "degree_centrality": 0.04176262858897589,
                "closeness_centrality": 0.34641091126446777,
                "betweenness_centrality": 0.0741311877286182,
                "eigenvector_centrality": 0.13766971076229448,
                "pagerank": 0.01686510909406909,
                "weighted_degree_centrality": 0.6536158452326117,
                "weighted_pagerank": 0.01686510909406909,
                "repo_name": "cockroachdb/cockroach",
                "repo_id": "16563587",
                "degree": "276",
                "node_type": "Repo"
            },
            {
                "rank": 6,
                "node_id": "R_138754790",
                "composite_centrality": 0.4853750727580049,
                "in_lcc": true,
                "degree_centrality": 0.03362505757715339,
                "closeness_centrality": 0.34494886640333317,
                "betweenness_centrality": 0.0851661582444894,
                "eigenvector_centrality": 0.11859856836224873,
                "pagerank": 0.009097392426679783,
                "weighted_degree_centrality": 0.09749731306617535,
                "weighted_pagerank": 0.009097392426679783,
                "repo_name": "duckdb/duckdb",
                "repo_id": "138754790",
                "degree": "224",
                "node_type": "Repo"
            },
            {
                "rank": 7,
                "node_id": "R_358917318",
                "composite_centrality": 0.46531798087278975,
                "in_lcc": true,
                "degree_centrality": 0.02779057270075234,
                "closeness_centrality": 0.3535185493262352,
                "betweenness_centrality": 0.06061108834183608,
                "eigenvector_centrality": 0.15804864385720047,
                "pagerank": 0.008568220398869066,