,degree_centrality,closeness_centrality,betweenness_centrality,eigenvector_centrality,pagerank,weighted_degree_centrality,weighted_pagerank
degree_centrality,1.0,0.22514519167316074,0.9124666003495784,0.8318345558334457,0.9061397166574137,0.47160042222843807,0.9061397166574137
closeness_centrality,0.22514519167316074,1.0,0.21093756216535248,0.43318454620695257,0.1895524855637805,0.09272068162359925,0.1895524855637805
betweenness_centrality,0.9124666003495784,0.21093756216535248,1.0,0.7939513327970036,0.7978535069193181,0.3468974679899317,0.7978535069193181
eigenvector_centrality,0.8318345558334457,0.43318454620695257,0.7939513327970036,1.0,0.7388318209790915,0.36862914547096753,0.7388318209790915
pagerank,0.9061397166574137,0.1895524855637805,0.7978535069193181,0.7388318209790915,1.0,0.6819192791279061,1.0
weighted_degree_centrality,0.47160042222843807,0.09272068162359925,0.3468974679899317,0.36862914547096753,0.6819192791279061,1.0,0.6819192791279061
weighted_pagerank,0.9061397166574137,0.1895524855637805,0.7978535069193181,0.7388318209790915,1.0,0.6819192791279061,1.0
