{
    "network_info": {
        "num_nodes": 294,
        "num_edges": 381,
        "is_connected": false,
        "used_largest_component_for_closeness": true,
        "centrality_based_on": "All nodes (except closeness centrality which may use LCC)"
    },
    "largest_component_info": {
        "lcc_num_nodes": 158,
        "lcc_num_edges": 372,
        "lcc_coverage_ratio": 0.5374149659863946,
        "lcc_is_connected": true
    },
    "centrality_statistics": {
        "degree_centrality": {
            "all_nodes": {
                "mean": 0.008845859162777739,
                "median": 0.0034129692832764505,
                "std": 0.014240561050508995,
                "max": 0.08532423208191127,
                "min": 0.0,
                "count": 294
            }
        },
        "closeness_centrality": {
            "all_nodes": {
                "mean": 0.15813395479115627,
                "median": 0.21612191147491283,
                "std": 0.15166033034501647,
                "max": 0.4266304347826087,
                "min": 0.0,
                "count": 294
            }
        },
        "betweenness_centrality": {
            "all_nodes": {
                "mean": 0.002459441769133667,
                "median": 0.0,
                "std": 0.007010907255650392,
                "max": 0.06025106047014059,
                "min": 0.0,
                "count": 294
            }
        },
        "eigenvector_centrality": {
            "all_nodes": {
                "mean": 0.02730583939064765,
                "median": 0.0013536131418883622,
                "std": 0.051621852720486604,
                "max": 0.2595938974298118,
                "min": 2.0233157364174995e-24,
                "count": 294
            }
        },
        "pagerank": {
            "all_nodes": {
                "mean": 0.0034013605442176865,
                "median": 0.0011233819591857917,
                "std": 0.0058246812294229355,
                "max": 0.05017490945526979,
                "min": 0.0007882291119330043,
                "count": 294
            }
        },
        "weighted_degree_centrality": {
            "all_nodes": {
                "mean": 0.1781477095957837,
                "median": 0.0034129692832764505,
                "std": 0.6952364644233462,
                "max": 7.467576791808874,
                "min": 0.0,
                "count": 294
            }
        },
        "weighted_pagerank": {
            "all_nodes": {
                "mean": 0.0034013605442176865,
                "median": 0.0011233819591857917,
                "std": 0.0058246812294229355,
                "max": 0.05017490945526979,
                "min": 0.0007882291119330043,
                "count": 294
            }
        }
    },
    "top_key_nodes": {
        "nodes": [
            {
                "rank": 1,
                "node_id": "R_927442",
                "composite_centrality": 0.8551597303193438,
                "in_lcc": true,
                "degree_centrality": 0.06143344709897611,
                "closeness_centrality": 0.38957816377171217,
                "betweenness_centrality": 0.03832439499390357,
                "eigenvector_centrality": 0.186099853706386,
                "pagerank": 0.05017490945526979,
                "weighted_degree_centrality": 7.467576791808874,
                "weighted_pagerank": 0.05017490945526979,
                "repo_name": "postgres/postgres",
                "repo_id": "927442",
                "degree": "23",
                "node_type": "Repo"
            },
            {
                "rank": 2,
                "node_id": "R_6934395",
                "composite_centrality": 0.7226729605627363,
                "in_lcc": true,
                "degree_centrality": 0.08191126279863481,
                "closeness_centrality": 0.4197860962566845,
                "betweenness_centrality": 0.04874101012641662,
                "eigenvector_centrality": 0.2348011540248812,
                "pagerank": 0.02808894801856044,
                "weighted_degree_centrality": 2.2081911262798637,
                "weighted_pagerank": 0.02808894801856044,
                "repo_name": "facebook/rocksdb",
                "repo_id": "6934395",
                "degree": "69",
                "node_type": "Repo"
            },
            {
                "rank": 3,
                "node_id": "R_60246359",
                "composite_centrality": 0.6811012435703638,
                "in_lcc": true,
                "degree_centrality": 0.08532423208191127,
                "closeness_centrality": 0.4266304347826087,
                "betweenness_centrality": 0.04895168024959037,
                "eigenvector_centrality": 0.2479155672996192,
                "pagerank": 0.023027039816261904,
                "weighted_degree_centrality": 0.7440273037542662,
                "weighted_pagerank": 0.023027039816261904,
                "repo_name": "ClickHouse/ClickHouse",
                "repo_id": "60246359",
                "degree": "370",
                "node_type": "Repo"
            },
            {
                "rank": 4,
                "node_id": "R_507775",
                "composite_centrality": 0.6132851341060512,
                "in_lcc": true,
                "degree_centrality": 0.06143344709897611,
                "closeness_centrality": 0.37115839243498816,
                "betweenness_centrality": 0.03370844371919441,
                "eigenvector_centrality": 0.17241088928422962,
                "pagerank": 0.02769269151941828,
                "weighted_degree_centrality": 2.9112627986348123,
                "weighted_pagerank": 0.02769269151941828,
                "repo_name": "elastic/elasticsearch",
                "repo_id": "507775",
                "degree": "161",
                "node_type": "Repo"
            },
            {
                "rank": 5,
                "node_id": "R_388946490",
                "composite_centrality": 0.5773268552098608,
                "in_lcc": true,
                "degree_centrality": 0.040955631399317405,
                "closeness_centrality": 0.38957816377171217,
                "betweenness_centrality": 0.009903211534070202,
                "eigenvector_centrality": 0.21781417415216622,
                "pagerank": 0.03131218945311257,
                "weighted_degree_centrality": 3.051194539249147,
                "weighted_pagerank": 0.03131218945311257,
                "repo_name": "facebookincubator/velox",
                "repo_id": "388946490",
                "degree": "126",
                "node_type": "Repo"
            },
            {
                "rank": 6,
                "node_id": "R_166515022",
                "composite_centrality": 0.5330824473019659,
                "in_lcc": true,
                "degree_centrality": 0.06825938566552901,
                "closeness_centrality": 0.37740384615384615,
                "betweenness_centrality": 0.02348840679217728,
                "eigenvector_centrality": 0.2595938974298118,
                "pagerank": 0.013832108409054144,
                "weighted_degree_centrality": 0.962457337883959,
                "weighted_pagerank": 0.013832108409054144,
                "repo_name": "trinodb/trino",
                "repo_id": "166515022",
                "degree": "196",
                "node_type": "Repo"
            },
            {
                "rank": 7,
                "node_id": "R_17165658",
                "composite_centrality": 0.5261079150912032,
                "in_lcc": true,
                "degree_centrality": 0.05460750853242321,
                "closeness_centrality": 0.37922705314009664,
                "betweenness_centrality": 0.01131802873354013,
                "eigenvector_centrality": 0.2366983241149166,
                "pagerank": 0.021482167284618485,
                "weighted_degree_centrality": 1.6143344709897611,