,degree_centrality,closeness_centrality,betweenness_centrality,eigenvector_centrality,pagerank,weighted_degree_centrality,weighted_pagerank
degree_centrality,1.0,0.6938310410476198,0.8224194435113312,0.9247034524178055,0.6957382327809372,0.4780576771758525,0.6957382327809372
closeness_centrality,0.6938310410476198,1.0,0.4592464522073389,0.6551302180350359,0.44763403035276317,0.3180192032040862,0.44763403035276317
betweenness_centrality,0.8224194435113312,0.4592464522073389,1.0,0.6796666557413561,0.6514564805631701,0.47613900122864755,0.6514564805631701
eigenvector_centrality,0.9247034524178055,0.6551302180350359,0.6796666557413561,1.0,0.6456431921268146,0.4889519666159916,0.6456431921268146
pagerank,0.6957382327809372,0.44763403035276317,0.6514564805631701,0.6456431921268146,1.0,0.8959172777971316,1.0
weighted_degree_centrality,0.4780576771758525,0.3180192032040862,0.47613900122864755,0.4889519666159916,0.8959172777971316,1.0,0.8959172777971316
weighted_pagerank,0.6957382327809372,0.44763403035276317,0.6514564805631701,0.6456431921268146,1.0,0.8959172777971316,1.0
